date,open,high,low,close,volume,Name
2013-02-08,261.4,265.25,260.555,261.95,3879078,AMZN
2013-02-11,263.2,263.25,256.6,257.21,3403403,AMZN
2013-02-12,259.19,260.16,257.0,258.7,2938660,AMZN
2013-02-13,261.53,269.96,260.3,269.47,5292996,AMZN
2013-02-14,267.37,270.65,265.4,269.24,3462780,AMZN
2013-02-15,267.63,268.92,263.11,265.09,3979832,AMZN
2013-02-19,265.91,270.11,264.5,269.75,2853752,AMZN
2013-02-20,270.2,274.3,266.371,266.41,3528862,AMZN
2013-02-21,265.12,269.48,263.25,265.94,3637396,AMZN
2013-02-22,266.62,267.11,261.61,265.42,3123402,AMZN
2013-02-25,266.94,268.694,259.65,259.87,3032109,AMZN
2013-02-26,260.89,262.04,255.73,259.36,3348011,AMZN
2013-02-27,259.4,265.83,256.86,263.25,2908010,AMZN
2013-02-28,261.81,267.0,260.63,264.27,2667199,AMZN
2013-03-01,263.27,266.6,261.04,265.74,2956724,AMZN
2013-03-04,265.36,273.3,264.14,273.11,3452783,AMZN
2013-03-05,274.0,276.68,269.99,275.59,3685983,AMZN
2013-03-06,275.76,276.489,271.832,273.79,2050452,AMZN
2013-03-07,274.1,274.8,271.85,273.88,1938987,AMZN
2013-03-08,275.0,275.44,271.5,274.19,1879762,AMZN
2013-03-11,273.43,273.99,270.4,271.24,1904465,AMZN
2013-03-12,271.0,277.4,270.3601,274.13,3245906,AMZN
2013-03-13,275.24,276.5,272.64,275.1,1884115,AMZN
2013-03-14,269.67,270.0,263.53,265.74,5226150,AMZN
2013-03-15,264.98,267.26,260.05,261.82,4865572,AMZN
2013-03-18,259.3,261.49,257.12,257.89,2719833,AMZN
2013-03-19,258.4,259.5,252.62,256.41,3738396,AMZN
2013-03-20,258.05,259.76,254.5501,257.278,2734710,AMZN
2013-03-21,256.11,257.0,252.68,253.39,2805646,AMZN
2013-03-22,254.55,257.77,252.07,257.75,3124199,AMZN
2013-03-25,258.58,259.429,254.5,256.02,2513758,AMZN
2013-03-26,257.05,261.48,256.28,260.31,2420504,AMZN
2013-03-27,258.75,265.93,257.9,265.3,2874824,AMZN
2013-03-28,265.82,267.375,264.06,266.49,2473257,AMZN
2013-04-01,266.98,267.4,261.01,261.61,2524725,AMZN
2013-04-02,262.4,265.89,260.55,263.322,2631038,AMZN
2013-04-03,262.12,263.67,257.75,259.03,2413784,AMZN
2013-04-04,259.23,260.41,256.12,259.08,1964377,AMZN
2013-04-05,255.72,256.18,253.67,255.48,2557357,AMZN
2013-04-08,255.92,259.679,255.63,258.95,2295573,AMZN
2013-04-09,258.85,262.61,257.0,261.14,2156507,AMZN
2013-04-10,261.78,265.98,259.32,264.77,2322407,AMZN
2013-04-11,264.74,270.97,264.74,269.85,3090466,AMZN
2013-04-12,270.12,273.27,267.02,272.87,2865875,AMZN
2013-04-15,271.08,275.12,267.1,267.72,3325359,AMZN
2013-04-16,269.31,272.8,268.06,272.34,2137118,AMZN
2013-04-17,270.8,270.85,264.25,267.4,3135091,AMZN
2013-04-18,266.81,266.9899,256.6,259.42,3137451,AMZN
2013-04-19,258.16,262.88,257.5,260.32,2602470,AMZN
2013-04-22,259.35,264.6,258.03,263.55,2119071,AMZN
2013-04-23,264.5,269.87,264.5,268.9,2270594,AMZN
2013-04-24,269.5,271.47,266.81,268.78,1851390,AMZN
2013-04-25,271.53,275.8,270.5,274.7,6011863,AMZN
2013-04-26,269.97,272.02,252.81,254.81,14029220,AMZN
2013-04-29,254.9,257.01,249.15,249.74,7110750,AMZN
2013-04-30,249.3701,254.68,248.56,253.81,4248790,AMZN
2013-05-01,253.9,254.2,245.75,248.23,4391302,AMZN
2013-05-02,248.94,252.93,245.78,252.55,3922605,AMZN
2013-05-03,256.14,259.25,254.7,258.05,3513934,AMZN
2013-05-06,258.09,259.5,253.4201,255.72,2347669,AMZN
2013-05-07,256.31,259.74,252.9101,257.73,3133399,AMZN
2013-05-08,256.87,260.295,255.334,258.68,2676986,AMZN
2013-05-09,258.73,263.55,256.88,260.16,2769255,AMZN
2013-05-10,260.88,263.65,260.21,263.63,3144719,AMZN
2013-05-13,262.77,265.88,262.0,264.51,2149398,AMZN
2013-05-14,264.5,269.4,264.028,268.33,2699755,AMZN
2013-05-15,267.07,269.05,264.56,266.56,2719687,AMZN
2013-05-16,265.96,268.43,263.85,264.12,1643068,AMZN
2013-05-17,265.83,269.98,265.0,269.9,2527271,AMZN
2013-05-20,269.0,271.79,266.5,267.63,2208934,AMZN
2013-05-21,268.74,270.77,267.66,268.86,1740956,AMZN
2013-05-22,267.39,267.59,260.8,262.96,3331960,AMZN
2013-05-23,260.49,263.17,259.59,261.8,2000141,AMZN
2013-05-24,259.85,261.93,258.34,261.74,1696290,AMZN
2013-05-28,266.48,271.1,266.0,267.29,3470157,AMZN
2013-05-29,265.46,268.25,264.844,265.53,1903390,AMZN
2013-05-30,265.71,268.57,265.615,266.83,1667469,AMZN
2013-05-31,266.0,271.91,265.94,269.2,3374188,AMZN
2013-06-03,268.96,269.11,262.95,266.88,2543880,AMZN
2013-06-04,267.0,268.88,263.02,265.7,2088072,AMZN
2013-06-05,265.81,271.66,265.02,267.17,3511955,AMZN
2013-06-06,267.75,270.5,264.21,267.83,2468970,AMZN
2013-06-07,269.74,280.1,269.13,276.87,4632239,AMZN
2013-06-10,276.68,282.47,275.24,281.07,3084405,AMZN
2013-06-11,276.0,278.411,274.24,274.78,3097745,AMZN
2013-06-12,276.6,276.8,270.45,271.67,2237998,AMZN
2013-06-13,271.5,276.8,270.2901,275.79,2649715,AMZN
2013-06-14,275.0,277.07,273.442,273.99,2150543,AMZN
2013-06-17,276.35,280.2,275.65,278.06,2883867,AMZN
2013-06-18,279.08,282.91,278.11,281.76,2146005,AMZN
2013-06-19,281.26,283.34,277.87,278.16,2827248,AMZN
2013-06-20,275.14,278.6,272.39,273.44,2983983,AMZN
2013-06-21,274.57,275.8399,269.79,273.36,4202058,AMZN
2013-06-24,271.29,273.16,265.0,270.61,3863764,AMZN
2013-06-25,272.3,273.47,269.0,272.088,2449510,AMZN
2013-06-26,273.98,277.98,273.5001,277.57,3029016,AMZN
2013-06-27,279.18,280.2,274.54,277.55,2519422,AMZN
2013-06-28,276.19,279.83,276.19,277.69,3193262,AMZN
2013-07-01,279.0,283.29,277.16,282.1,2888140,AMZN
2013-07-02,281.04,286.58,280.59,283.73,3238108,AMZN
2013-07-03,282.6,285.4,282.0,284.03,1380205,AMZN
2013-07-05,285.0,286.3799,282.07,285.88,1985323,AMZN
2013-07-08,286.42,291.67,286.14,290.59,3046664,AMZN
2013-07-09,291.0,292.57,288.01,291.53,2749006,AMZN
2013-07-10,291.41,293.34,289.4,292.33,1822877,AMZN
2013-07-11,294.99,300.69,292.1,299.66,4007201,AMZN
2013-07-12,298.69,307.55,298.5,307.55,4538473,AMZN
2013-07-15,307.27,307.99,304.35,306.57,2245387,AMZN
2013-07-16,307.3,309.39,305.5119,306.87,2660120,AMZN
2013-07-17,306.97,308.8,305.69,308.69,2029681,AMZN
2013-07-18,306.27,306.3408,301.87,304.11,3060805,AMZN
2013-07-19,304.39,305.79,301.91,305.23,2973041,AMZN
2013-07-22,309.25,309.25,302.0,303.48,2520663,AMZN
2013-07-23,303.16,305.06,300.56,301.06,1999344,AMZN
2013-07-24,303.02,303.84,298.04,298.94,1999684,AMZN
2013-07-25,299.0,304.5,296.75,303.4,5394295,AMZN
2013-07-26,299.55,313.62,295.55,312.01,8817434,AMZN
2013-07-29,311.07,313.0,305.9,306.1,3212185,AMZN
2013-07-30,307.72,309.7833,301.57,302.41,3053675,AMZN
2013-07-31,303.91,305.15,301.0,301.22,1891314,AMZN
2013-08-01,303.08,306.21,298.905,305.57,2968844,AMZN
2013-08-02,304.63,305.33,301.5,304.21,2502646,AMZN
2013-08-05,303.4,303.62,298.3,300.99,2233158,AMZN
2013-08-06,300.51,301.36,297.52,300.75,1848951,AMZN
2013-08-07,300.15,300.99,296.15,296.91,1963010,AMZN
2013-08-08,298.52,298.52,292.5501,295.74,2343430,AMZN
2013-08-09,295.68,299.27,294.2987,297.26,1950386,AMZN
2013-08-12,295.79,299.08,295.26,296.69,1504525,AMZN
2013-08-13,295.88,296.37,290.67,293.97,2349902,AMZN
2013-08-14,294.29,294.29,290.54,291.34,1414976,AMZN
2013-08-15,288.79,289.3,285.15,286.47,2261393,AMZN
2013-08-16,286.55,288.33,284.5,284.82,2422856,AMZN
2013-08-19,285.19,289.56,283.48,285.57,2477429,AMZN
2013-08-20,285.88,289.515,285.74,287.09,1585260,AMZN
2013-08-21,285.09,288.5,283.83,284.57,1815346,AMZN
2013-08-22,284.8,289.87,284.8,289.73,1421959,AMZN
2013-08-23,291.21,291.5,287.9,290.01,1967485,AMZN
2013-08-26,290.43,291.0499,285.6207,286.21,1717000,AMZN
2013-08-27,283.87,285.28,279.74,280.93,2475209,AMZN
2013-08-28,280.36,283.0,279.33,281.58,1457146,AMZN
2013-08-29,281.45,285.98,280.0,283.98,1566414,AMZN
2013-08-30,284.59,284.87,280.0,280.98,1534706,AMZN
2013-09-03,284.73,291.39,284.17,288.8,2897569,AMZN
2013-09-04,288.33,295.23,287.58,293.64,2438551,AMZN
2013-09-05,293.63,297.0,292.71,294.1,1818815,AMZN
2013-09-06,295.33,298.88,290.8,295.86,2291973,AMZN
2013-09-09,297.22,299.96,296.6,299.71,1643573,AMZN
2013-09-10,300.55,301.0,297.22,300.36,1778437,AMZN
2013-09-11,298.91,301.86,297.84,299.64,1742677,AMZN
2013-09-12,299.39,302.0,297.661,298.86,1606193,AMZN
2013-09-13,300.14,300.22,296.201,297.92,1350645,AMZN
2013-09-16,299.82,301.0,295.26,296.06,1818071,AMZN
2013-09-17,297.63,304.65,296.0101,304.17,2297156,AMZN
2013-09-18,304.06,312.74,302.91,312.034,2946338,AMZN
2013-09-19,313.77,314.54,311.04,312.06,2350946,AMZN
2013-09-20,312.54,320.57,312.41,316.34,5302279,AMZN
2013-09-23,314.01,315.9,308.771,311.49,1884997,AMZN
2013-09-24,312.43,318.0799,311.28,314.13,2009851,AMZN
2013-09-25,314.53,316.71,310.75,312.65,2008557,AMZN
2013-09-26,313.9,319.37,313.26,318.12,1990182,AMZN
2013-09-27,316.92,317.21,313.35,316.01,1657457,AMZN
2013-09-30,313.41,315.31,311.06,312.64,1624804,AMZN
2013-10-01,314.22,321.0,313.65,320.95,2398193,AMZN
2013-10-02,318.04,321.73,317.52,320.51,2217873,AMZN
2013-10-03,320.39,322.92,313.02,314.76,2674841,AMZN
2013-10-04,315.13,319.2,312.62,319.04,1814976,AMZN
2013-10-07,315.24,315.3399,309.74,310.03,2084585,AMZN
2013-10-08,311.5,311.545,300.27,303.23,3172022,AMZN
2013-10-09,303.42,303.4978,296.5025,298.23,3247549,AMZN
2013-10-10,304.63,306.7,302.5901,305.174,2557138,AMZN
2013-10-11,304.77,310.93,303.84,310.889,2163093,AMZN
2013-10-14,309.22,311.645,307.0,310.7,1939092,AMZN
2013-10-15,309.87,310.79,305.26,306.4,2261554,AMZN
2013-10-16,308.38,310.8,305.554,310.49,2180521,AMZN
2013-10-17,307.07,311.0,305.24,310.77,2648384,AMZN
2013-10-18,319.36,331.89,316.75,328.931,5969814,AMZN
2013-10-21,329.89,330.0,323.8,326.44,2527617,AMZN
2013-10-22,327.72,337.11,325.68,332.54,3942953,AMZN
2013-10-23,330.84,331.72,324.0601,326.756,2818158,AMZN
2013-10-24,329.63,332.6499,326.75,332.21,5884655,AMZN
2013-10-25,358.6,368.4,352.62,363.39,12043903,AMZN
2013-10-28,359.92,362.75,357.2,358.16,3635848,AMZN
2013-10-29,358.96,362.89,356.29,362.7,2190763,AMZN
2013-10-30,362.62,365.0,358.65,361.08,4505005,AMZN
2013-10-31,361.73,366.0,359.0,364.03,2466937,AMZN
2013-11-01,365.63,365.77,356.1,359.002,3332126,AMZN
2013-11-04,360.12,361.0,354.4,358.74,1940496,AMZN
2013-11-05,356.78,360.17,354.84,358.892,2007275,AMZN
2013-11-06,360.45,362.87,354.5,356.18,2288077,AMZN
2013-11-07,355.86,357.9,341.88,343.56,4250065,AMZN
2013-11-08,345.95,351.05,344.04,350.31,2656865,AMZN
2013-11-11,350.59,355.37,348.06,354.378,2262538,AMZN
2013-11-12,352.99,355.4826,347.282,349.53,2344304,AMZN
2013-11-13,347.4,356.22,345.68,356.22,2777832,AMZN
2013-11-14,357.39,368.94,356.43,367.396,4164128,AMZN
2013-11-15,367.63,372.9,365.55,369.17,4494773,AMZN
2013-11-18,370.28,373.49,364.67,366.18,2738214,AMZN
2013-11-19,365.82,368.78,362.5,364.94,1904797,AMZN
2013-11-20,367.56,367.56,360.45,362.57,1772984,AMZN
2013-11-21,364.05,369.25,363.3,368.92,1967041,AMZN
2013-11-22,370.0,374.5,366.31,372.31,2967833,AMZN
2013-11-25,373.82,377.79,373.18,376.64,2972546,AMZN
2013-11-26,377.61,382.5,374.8175,381.37,2730689,AMZN
2013-11-27,383.5,387.0,382.611,386.71,2269656,AMZN
2013-11-29,389.1,394.0999,388.62,393.62,2405985,AMZN
2013-12-02,399.0,399.0,389.1,392.3,4718883,AMZN
2013-12-03,390.11,390.949,383.1,384.66,3707536,AMZN
2013-12-04,383.5,389.69,381.4914,385.96,2355719,AMZN
2013-12-05,386.65,386.65,381.371,384.49,1906452,AMZN
2013-12-06,388.35,388.35,383.83,386.95,1987762,AMZN
2013-12-09,388.11,388.21,382.57,384.89,2766573,AMZN
2013-12-10,383.74,389.06,383.02,387.78,2739875,AMZN
2013-12-11,387.34,388.98,382.0,382.19,2451254,AMZN
2013-12-12,381.26,385.0,379.5,381.25,2123652,AMZN
2013-12-13,385.32,389.42,383.8,384.24,3025145,AMZN
2013-12-16,385.03,391.7,385.0,388.97,2258884,AMZN
2013-12-17,390.65,391.36,386.5,387.65,2348377,AMZN
2013-12-18,389.23,396.3,383.1,395.96,3493635,AMZN
2013-12-19,394.27,397.29,392.6,395.19,2429598,AMZN
2013-12-20,396.55,404.72,395.78,402.2,5038537,AMZN
2013-12-23,403.69,405.0,399.2,402.92,2661823,AMZN
2013-12-24,402.52,403.7249,396.37,399.2,1380373,AMZN
2013-12-26,401.79,404.52,396.81,404.39,1871590,AMZN
2013-12-27,404.65,405.63,396.25,398.08,1987280,AMZN
2013-12-30,399.41,399.92,392.45,393.37,2487812,AMZN
2013-12-31,394.58,398.83,393.8,398.79,1997051,AMZN
2014-01-02,398.8,399.36,394.02,397.97,2140246,AMZN
2014-01-03,398.29,402.71,396.22,396.44,2213512,AMZN
2014-01-06,395.85,397.0,388.42,393.63,3172207,AMZN
2014-01-07,395.04,398.47,394.29,398.03,1916684,AMZN
2014-01-08,398.47,403.0,396.04,401.92,2316903,AMZN
2014-01-09,403.71,406.89,398.44,401.01,2103793,AMZN
2014-01-10,402.53,403.764,393.8,397.66,2681701,AMZN
2014-01-13,397.98,399.78,388.45,390.98,2846507,AMZN
2014-01-14,392.13,398.63,391.29,397.54,2340401,AMZN
2014-01-15,398.94,399.31,392.534,395.87,2678794,AMZN
2014-01-16,393.68,399.29,389.41,395.8,2602506,AMZN
2014-01-17,394.26,403.49,393.66,399.61,4508791,AMZN
2014-01-21,403.0,407.8,401.6,407.05,3122705,AMZN
2014-01-22,408.0,408.06,402.0,404.54,2069759,AMZN
2014-01-23,401.0,406.17,397.79,399.87,3026272,AMZN
2014-01-24,398.16,400.2,387.27,387.6,4513038,AMZN
2014-01-27,390.5,394.1,380.49,386.28,3944752,AMZN
2014-01-28,387.4,394.74,387.12,394.43,2901611,AMZN
2014-01-29,392.16,392.85,383.24,384.2,3399294,AMZN
2014-01-30,393.77,406.25,387.7,403.01,10900116,AMZN
2014-01-31,371.76,375.45,357.76,358.69,16181519,AMZN
2014-02-03,358.98,360.85,340.1,346.15,10290934,AMZN
2014-02-04,349.59,353.9975,344.02,347.95,4821177,AMZN
2014-02-05,346.0,349.37,337.73,346.45,4439010,AMZN
2014-02-06,347.403,354.82,347.403,354.59,3340542,AMZN
2014-02-07,358.98,361.8,352.49,361.08,4347189,AMZN
2014-02-10,361.61,365.0,359.35,360.87,3451093,AMZN
2014-02-11,361.842,363.61,356.25,361.79,3225200,AMZN
2014-02-12,356.43,357.75,346.32,349.25,6599199,AMZN
2014-02-13,347.7,357.2,346.5,357.2,4181445,AMZN
2014-02-14,359.34,359.34,353.35,357.35,3524570,AMZN
2014-02-18,355.28,355.73,349.45,353.65,5000493,AMZN
2014-02-19,352.64,354.54,346.1,347.38,4175393,AMZN
2014-02-20,348.8,350.46,344.38,349.8,3496663,AMZN
2014-02-21,352.44,354.141,346.75,346.76,4212144,AMZN
2014-02-24,345.19,353.0,343.29,351.78,3647182,AMZN
2014-02-25,353.0,361.08,351.58,358.32,3747076,AMZN
2014-02-26,359.86,364.75,357.17,359.8,3622506,AMZN
2014-02-27,357.22,360.59,355.5,360.13,3105442,AMZN
2014-02-28,360.6,365.865,357.084,362.1,3885207,AMZN
2014-03-03,358.735,360.96,354.48,359.78,2798230,AMZN
2014-03-04,363.9,365.68,362.46,363.9,2706843,AMZN
2014-03-05,364.13,372.728,363.9,372.37,3862706,AMZN
2014-03-06,374.05,375.33,368.9,372.16,2927497,AMZN
2014-03-07,374.58,374.99,369.531,372.06,2280358,AMZN
2014-03-10,372.69,372.73,367.0,370.53,2107820,AMZN
2014-03-11,370.99,372.8,367.28,368.82,2248019,AMZN
2014-03-12,366.4,371.16,363.61,370.64,2219663,AMZN
2014-03-13,376.62,383.11,368.08,371.51,6829047,AMZN
2014-03-14,372.8,378.568,371.55,373.74,4402220,AMZN
2014-03-17,375.72,378.85,374.88,375.04,2306821,AMZN
2014-03-18,377.32,379.0,375.0,378.77,2483508,AMZN
2014-03-19,378.77,379.0,369.42,373.23,2646687,AMZN
2014-03-20,370.64,373.0,366.22,368.97,2558460,AMZN
2014-03-21,371.0,372.84,358.4,360.62,5417935,AMZN
2014-03-24,360.09,361.5,348.6,351.85,4879627,AMZN
2014-03-25,354.03,358.97,348.84,354.71,4455703,AMZN
2014-03-26,357.13,357.6,343.4,343.41,4120665,AMZN
2014-03-27,343.15,343.9999,330.88,338.47,5770462,AMZN
2014-03-28,340.05,347.0,336.08,338.29,3986782,AMZN
2014-03-31,342.4,346.29,334.06,336.365,4297487,AMZN
2014-04-01,338.09,344.43,338.0,342.99,3602899,AMZN
2014-04-02,345.99,348.295,340.38,341.96,4465927,AMZN
2014-04-03,341.82,342.5,328.46,333.62,6399299,AMZN
2014-04-04,335.15,335.44,315.61,323.0,12534578,AMZN
2014-04-07,320.99,324.94,313.13,317.76,7077360,AMZN
2014-04-08,321.88,328.0,318.44,327.07,6585583,AMZN
2014-04-09,328.47,332.18,322.5,331.805,5058664,AMZN
2014-04-10,330.6,331.0,316.5,317.11,6133376,AMZN
2014-04-11,314.0,316.5,309.5,311.73,7292028,AMZN
2014-04-14,317.67,320.48,311.28,315.91,4293532,AMZN
2014-04-15,316.7,318.28,305.5,316.08,5399337,AMZN
2014-04-16,321.17,324.0,314.71,323.68,4285901,AMZN
2014-04-17,319.76,328.66,319.76,324.91,4300378,AMZN
2014-04-21,323.97,331.1499,322.31,330.87,3000598,AMZN
2014-04-22,332.0,337.5,328.94,329.32,3714288,AMZN
2014-04-23,333.06,333.13,323.39,324.58,3604586,AMZN
2014-04-24,329.67,337.4,322.95,337.15,9293735,AMZN
2014-04-25,316.25,316.49,302.71,303.83,16186737,AMZN
2014-04-28,304.0,304.39,288.0,296.58,14479803,AMZN
2014-04-29,296.44,301.84,290.45,300.38,6510591,AMZN
2014-04-30,298.1,304.56,298.1,304.13,4090006,AMZN
2014-05-01,304.13,310.48,304.0,307.89,4329167,AMZN
2014-05-02,310.42,313.29,304.31,308.01,3995218,AMZN
2014-05-05,306.37,310.23,305.0,310.05,2520300,AMZN
2014-05-06,309.53,309.81,297.04,297.38,4682327,AMZN
2014-05-07,295.56,296.4,286.68,292.71,7016937,AMZN
2014-05-08,290.82,295.8784,287.23,288.32,3848996,AMZN
2014-05-09,290.57,293.68,284.38,292.24,4062984,AMZN
2014-05-12,294.3,303.34,294.16,302.86,3735443,AMZN
2014-05-13,302.6,305.6,300.75,304.64,3509937,AMZN
2014-05-14,302.5,304.64,296.66,297.62,3328414,AMZN
2014-05-15,298.02,299.2,290.38,295.19,4299530,AMZN
2014-05-16,292.8,298.88,291.55,297.7,3637649,AMZN
2014-05-19,295.76,299.0,293.81,296.755,2286313,AMZN
2014-05-20,297.1,304.46,296.75,301.19,4096308,AMZN
2014-05-21,302.21,305.96,301.5201,305.01,3409200,AMZN
2014-05-22,305.05,308.54,303.01,304.91,2576888,AMZN
2014-05-23,305.46,312.35,304.9,312.24,3055997,AMZN
2014-05-27,314.41,314.6296,307.38,310.82,4864163,AMZN
2014-05-28,309.5,313.82,307.42,310.16,2726803,AMZN
2014-05-29,310.42,314.87,310.2,313.78,2365679,AMZN
2014-05-30,314.43,314.65,307.57,312.55,4260624,AMZN
2014-06-02,312.59,312.6,307.0,308.84,2205909,AMZN
2014-06-03,305.75,307.92,305.07,307.19,2379273,AMZN
2014-06-04,306.85,309.5,303.84,306.78,2111176,AMZN
2014-06-05,308.1,327.94,306.9,323.57,7803760,AMZN
2014-06-06,325.0,330.88,324.93,329.67,5246723,AMZN
2014-06-09,331.57,333.0,325.65,327.5,3212755,AMZN
2014-06-10,327.65,335.5,327.5,332.41,3668904,AMZN
2014-06-11,336.0,340.7199,333.8772,335.2,4439178,AMZN
2014-06-12,335.55,335.55,324.66,325.91,4276316,AMZN
2014-06-13,327.05,329.298,323.5262,326.27,2766909,AMZN
2014-06-16,324.86,328.6945,323.52,327.62,2449843,AMZN
2014-06-17,327.54,331.34,325.23,325.62,2924058,AMZN
2014-06-18,328.0,335.75,325.0,334.38,6409334,AMZN
2014-06-19,335.255,338.9,325.98,327.0,5327002,AMZN
2014-06-20,327.76,328.22,320.42,324.2,6056210,AMZN
2014-06-23,323.33,327.55,321.41,327.24,2609628,AMZN
2014-06-24,327.54,329.73,322.738,324.16,2627978,AMZN
2014-06-25,324.33,328.15,321.74,327.44,2328006,AMZN
2014-06-26,328.49,328.65,322.13,325.69,2699908,AMZN
2014-06-27,325.88,326.52,323.27,324.57,2419626,AMZN
2014-06-30,324.98,326.98,322.24,324.78,2672165,AMZN
2014-07-01,325.86,333.2,325.1,332.39,3178548,AMZN
2014-07-02,333.2,336.76,331.66,332.85,2681578,AMZN
2014-07-03,334.83,338.3,333.08,337.492,1944300,AMZN
2014-07-07,337.5,337.55,332.52,333.55,2130028,AMZN
2014-07-08,333.1,333.7397,321.4,323.81,4275447,AMZN
2014-07-09,324.71,330.2,323.15,329.97,3167133,AMZN
2014-07-10,324.34,329.98,322.65,327.92,2665753,AMZN
2014-07-11,334.71,347.0,334.71,346.2,8309079,AMZN
2014-07-14,347.03,355.77,345.356,355.32,5615482,AMZN
2014-07-15,353.72,355.59,349.4,354.44,4176758,AMZN
2014-07-16,355.62,359.32,353.0,355.9,3505023,AMZN
2014-07-17,353.44,356.96,351.38,352.454,3640290,AMZN
2014-07-18,354.4,359.68,352.08,358.66,3410032,AMZN
2014-07-21,358.1,361.71,356.72,359.76,2282741,AMZN
2014-07-22,355.25,362.93,355.25,360.84,2889366,AMZN
2014-07-23,359.05,360.63,356.62,358.14,2688761,AMZN
2014-07-24,359.98,364.85,358.52,358.61,7088655,AMZN
2014-07-25,317.3,324.87,314.76,324.01,17855141,AMZN
2014-07-28,324.25,324.82,316.5,320.41,5933999,AMZN
2014-07-29,321.98,322.8999,319.5,320.0,2885644,AMZN
2014-07-30,321.45,322.73,318.5,322.51,3973213,AMZN
2014-07-31,320.01,320.6836,311.86,312.99,5193770,AMZN
2014-08-01,313.69,315.83,304.588,307.06,7443091,AMZN
2014-08-04,308.84,316.18,308.5,313.65,4208660,AMZN
2014-08-05,313.3,314.55,310.06,312.32,2856294,AMZN
2014-08-06,310.83,315.78,310.2,313.89,2297476,AMZN
2014-08-07,315.21,315.8774,309.655,311.45,2936913,AMZN
2014-08-08,311.94,317.32,310.66,316.8,2708416,AMZN
2014-08-11,318.48,320.38,316.88,318.33,2472819,AMZN
2014-08-12,318.89,321.31,316.95,319.32,1916143,AMZN
2014-08-13,327.6,331.72,326.14,326.28,4938152,AMZN
2014-08-14,327.8,334.09,326.71,333.21,3420646,AMZN
2014-08-15,334.0,335.0,328.32,333.63,3897928,AMZN
2014-08-18,335.48,337.8,333.77,334.53,2488186,AMZN
2014-08-19,334.87,335.81,333.01,335.13,1714120,AMZN
2014-08-20,334.68,337.16,334.022,335.78,1811462,AMZN
2014-08-21,336.48,336.582,332.23,332.91,1975792,AMZN
2014-08-22,332.99,334.08,330.8,331.59,2212965,AMZN
2014-08-25,333.21,336.77,332.71,334.02,1960978,AMZN
2014-08-26,337.0,344.36,334.55,341.83,3654702,AMZN
2014-08-27,342.09,346.67,341.34,343.18,2961767,AMZN
2014-08-28,340.0,341.79,338.8,340.02,2254725,AMZN
2014-08-29,341.76,341.8199,337.68,339.04,1939848,AMZN
2014-09-02,339.98,342.5,337.1587,342.38,2328881,AMZN
2014-09-03,342.54,343.27,337.55,339.0,1998540,AMZN
2014-09-04,343.69,349.38,343.58,345.95,3965557,AMZN
2014-09-05,346.3,346.827,342.5,346.38,2111220,AMZN
2014-09-08,344.54,345.81,339.04,342.34,2960693,AMZN
2014-09-09,341.61,341.76,329.18,329.75,4646832,AMZN
2014-09-10,334.3,334.98,328.82,331.33,3798904,AMZN
2014-09-11,329.94,333.01,326.39,330.52,2721893,AMZN
2014-09-12,329.56,332.89,328.79,331.19,3429727,AMZN
2014-09-15,330.91,331.33,319.0,323.89,4006918,AMZN
2014-09-16,321.07,329.48,320.1,327.76,3265860,AMZN
2014-09-17,327.76,328.0,321.52,324.0,4138950,AMZN
2014-09-18,325.44,327.1,323.7105,325.0,2577706,AMZN
2014-09-19,327.6,332.7559,325.57,331.32,6886382,AMZN
2014-09-22,328.49,329.49,321.06,324.5,3118649,AMZN
2014-09-23,322.46,327.6,321.25,323.63,2353590,AMZN
2014-09-24,324.17,329.44,319.56,328.21,2647232,AMZN
2014-09-25,327.99,328.54,321.4,321.93,2934944,AMZN
2014-09-26,320.6,323.5,317.64,323.21,3639155,AMZN
2014-09-29,320.5,323.75,319.0,321.82,1929589,AMZN
2014-09-30,321.36,323.43,318.51,322.44,2639967,AMZN
2014-10-01,322.04,322.165,315.55,317.46,3096735,AMZN
2014-10-02,316.92,318.53,311.31,318.41,3553944,AMZN
2014-10-03,320.36,325.16,319.53,322.74,3037891,AMZN
2014-10-06,323.5,324.13,319.6,322.2,2294194,AMZN
2014-10-07,319.43,322.0,316.67,316.98,2365698,AMZN
2014-10-08,316.58,324.11,314.14,322.7,3458960,AMZN
2014-10-09,321.49,322.271,314.52,315.37,3589464,AMZN
2014-10-10,314.02,317.77,311.38,311.39,3684314,AMZN
2014-10-13,309.87,313.2,303.47,306.45,4369850,AMZN
2014-10-14,308.0,312.24,305.75,308.31,3385809,AMZN
2014-10-15,304.35,307.9,299.102,305.97,5348254,AMZN
2014-10-16,293.83,306.82,293.83,302.86,4731866,AMZN
2014-10-17,307.15,309.2,302.72,303.64,4409218,AMZN
2014-10-20,302.95,306.53,302.02,306.21,3239490,AMZN
2014-10-21,309.9,315.64,307.07,315.33,3563351,AMZN
2014-10-22,315.43,318.98,312.64,312.97,3130049,AMZN
2014-10-23,313.4,316.8,311.4,313.18,9038193,AMZN
2014-10-24,284.4,293.81,284.0,287.06,19805911,AMZN
2014-10-27,285.7,290.42,285.02,289.97,5950594,AMZN
2014-10-28,289.76,298.0,289.76,295.59,5576646,AMZN
2014-10-29,299.11,299.61,293.0701,294.12,4883259,AMZN
2014-10-30,293.98,299.74,292.36,299.07,4055155,AMZN
2014-10-31,305.15,305.72,301.5,305.46,4551795,AMZN
2014-11-03,306.24,308.01,303.24,305.72,3244150,AMZN
2014-11-04,303.99,304.25,300.17,302.81,3427384,AMZN
2014-11-05,303.01,304.0,294.16,296.52,4674492,AMZN
2014-11-06,296.69,297.0,292.29,296.64,3758121,AMZN
2014-11-07,297.82,299.99,296.29,299.86,2647352,AMZN
2014-11-10,300.0,305.799,300.0,305.11,2809056,AMZN
2014-11-11,305.94,312.38,303.646,312.01,3807333,AMZN
2014-11-12,310.75,312.58,308.79,311.51,2182982,AMZN
2014-11-13,312.0,317.89,311.51,316.48,3686428,AMZN
2014-11-14,317.12,332.88,316.401,327.82,8877785,AMZN
2014-11-17,326.44,328.0,318.03,323.05,4784933,AMZN
2014-11-18,323.99,329.56,323.25,324.93,3551161,AMZN
2014-11-19,327.25,328.4,324.02,326.54,3281614,AMZN
2014-11-20,324.0,332.67,323.33,330.54,3436721,AMZN
2014-11-21,335.42,338.33,331.47,332.63,4466587,AMZN
2014-11-24,334.78,337.39,333.6,335.64,2754186,AMZN
2014-11-25,335.27,336.3325,331.28,335.04,2564989,AMZN
2014-11-26,333.78,334.65,331.75,333.57,1985949,AMZN
2014-11-28,336.03,341.26,336.03,338.64,3051798,AMZN
2014-12-01,338.12,340.64,325.93,326.0,4944861,AMZN
2014-12-02,327.5,327.93,323.25,326.31,2790257,AMZN
2014-12-03,325.73,326.77,314.36,316.5,5689904,AMZN
2014-12-04,315.53,318.59,313.47,316.93,3296642,AMZN
2014-12-05,316.8,316.93,310.84,312.63,3265214,AMZN
2014-12-08,311.57,316.56,304.821,306.64,3639180,AMZN
2014-12-09,302.99,313.639,301.14,312.5,4049506,AMZN
2014-12-10,312.0,313.19,304.68,305.84,3245890,AMZN
2014-12-11,307.89,312.64,306.01,307.36,3272919,AMZN
2014-12-12,303.99,310.6399,303.01,307.32,3162322,AMZN
2014-12-15,308.87,310.86,302.15,306.07,3841577,AMZN
2014-12-16,304.35,304.49,295.01,295.06,6501252,AMZN
2014-12-17,296.37,299.67,293.03,298.88,4433505,AMZN
2014-12-18,304.01,304.5,293.25,297.73,7738067,AMZN
2014-12-19,296.91,301.54,295.52,299.9,8709129,AMZN
2014-12-22,301.94,307.36,301.94,306.54,4003827,AMZN
2014-12-23,306.98,307.49,303.252,306.285,2718359,AMZN
2014-12-24,306.38,307.0,302.875,303.03,1518107,AMZN
2014-12-26,305.0,310.7799,303.81,309.09,2893801,AMZN
2014-12-29,307.85,314.27,306.58,312.04,3009046,AMZN
2014-12-30,309.91,313.94,309.34,310.3,2093023,AMZN
2014-12-31,311.55,312.98,310.01,310.35,2057766,AMZN
2015-01-02,312.58,314.75,306.9601,308.52,2788101,AMZN
2015-01-05,307.01,308.38,300.85,302.19,2774231,AMZN
2015-01-06,302.24,303.0,292.38,295.29,3519034,AMZN
2015-01-07,297.5,301.28,295.33,298.42,2640349,AMZN
2015-01-08,300.32,303.14,296.11,300.46,3088398,AMZN
2015-01-09,301.48,302.87,296.68,296.93,2592360,AMZN
2015-01-12,297.56,298.51,289.281,291.41,3421392,AMZN
2015-01-13,297.48,301.4976,293.23,294.74,4136442,AMZN
2015-01-14,291.93,295.91,286.503,293.27,5538666,AMZN
2015-01-15,294.0,295.9995,286.815,286.95,4419196,AMZN
2015-01-16,286.28,290.79,285.25,290.74,3478176,AMZN
2015-01-20,292.59,293.3599,286.39,289.44,3075081,AMZN
2015-01-21,289.64,306.0,287.26,297.25,10065076,AMZN
2015-01-22,300.0,312.25,300.0,310.32,5362640,AMZN
2015-01-23,308.08,316.93,307.72,312.39,4496419,AMZN
2015-01-26,311.82,313.0,307.5201,309.66,3169665,AMZN
2015-01-27,306.3,310.243,302.625,306.75,2920315,AMZN
2015-01-28,309.81,311.51,303.8,303.91,3063774,AMZN
2015-01-29,304.73,312.8,299.33,311.78,8656567,AMZN
2015-01-30,346.32,359.5,340.74,354.53,23856060,AMZN
2015-02-02,350.05,365.0,350.01,364.47,10231914,AMZN
2015-02-03,360.29,367.817,360.21,363.55,6212565,AMZN
2015-02-04,358.38,367.5,358.23,364.75,4169927,AMZN
2015-02-05,366.0,378.8,365.9,373.89,7247605,AMZN
2015-02-06,374.87,375.9899,371.01,374.28,3892382,AMZN
2015-02-09,371.0,374.41,367.2,370.56,2724630,AMZN
2015-02-10,371.19,374.3,368.51,372.995,2287232,AMZN
2015-02-11,371.23,377.1,371.1,375.14,2786523,AMZN
2015-02-12,375.1,378.51,373.15,377.17,2791050,AMZN
2015-02-13,378.41,383.0,377.01,381.83,3475069,AMZN
2015-02-17,377.72,379.985,372.67,375.43,3673208,AMZN
2015-02-18,373.78,376.74,372.85,373.37,2650610,AMZN
2015-02-19,373.49,381.88,373.43,378.995,2953752,AMZN
2015-02-20,378.62,383.7,375.84,383.66,3258023,AMZN
2015-02-23,383.44,384.54,378.0,380.14,2176989,AMZN
2015-02-24,378.65,380.48,376.16,378.59,1921850,AMZN
2015-02-25,377.27,387.85,376.54,385.37,3174495,AMZN
2015-02-26,384.07,389.37,383.28,384.8,2687107,AMZN
2015-02-27,384.0,385.99,379.79,380.16,2532309,AMZN
2015-03-02,380.85,385.9,379.481,385.655,2139205,AMZN
2015-03-03,383.95,386.1,381.601,384.61,1946498,AMZN
2015-03-04,385.71,387.9,382.19,382.72,2259141,AMZN
2015-03-05,385.61,388.4182,383.89,387.83,2693518,AMZN
2015-03-06,385.52,387.0,378.88,380.09,2627042,AMZN
2015-03-09,378.4,379.33,375.28,378.56,2311390,AMZN
2015-03-10,377.45,377.77,369.18,369.51,3120972,AMZN
2015-03-11,370.61,373.35,366.26,366.37,2495097,AMZN
2015-03-12,368.82,375.5,367.52,374.24,2810001,AMZN
2015-03-13,371.52,373.99,366.68,370.58,2611658,AMZN
2015-03-16,370.38,373.94,366.72,373.35,2354059,AMZN
2015-03-17,371.11,374.5,369.64,371.92,2036961,AMZN
2015-03-18,369.97,375.99,366.7,375.135,2654135,AMZN
2015-03-19,373.87,377.11,372.19,373.24,1915671,AMZN
2015-03-20,376.29,379.37,375.92,378.49,3763553,AMZN
2015-03-23,378.07,381.77,374.94,375.11,2239343,AMZN
2015-03-24,373.99,375.24,372.27,374.09,2228214,AMZN
2015-03-25,375.17,380.5,370.285,370.96,3429497,AMZN
2015-03-26,369.59,371.4,365.65,367.35,2929962,AMZN
2015-03-27,367.11,373.17,366.5734,370.56,2609774,AMZN
2015-03-30,371.87,376.12,371.55,374.59,1820933,AMZN
2015-03-31,373.24,377.7,371.51,372.1,2506122,AMZN
2015-04-01,372.1,373.16,368.34,370.255,2458095,AMZN
2015-04-02,370.5,373.28,369.0,372.25,1875279,AMZN
2015-04-06,370.1,380.2,369.36,377.04,3050709,AMZN
2015-04-07,376.15,379.31,374.03,374.41,1954902,AMZN
2015-04-08,374.66,381.58,374.65,381.2,2636434,AMZN
2015-04-09,380.66,384.42,378.795,383.54,2392328,AMZN
2015-04-10,384.31,387.12,381.3151,382.65,2573519,AMZN
2015-04-13,383.53,385.28,380.14,382.36,1894453,AMZN
2015-04-14,383.51,387.81,381.2101,385.11,2583575,AMZN
2015-04-15,384.65,385.78,381.64,383.45,1933229,AMZN
2015-04-16,383.69,387.45,383.55,386.04,2080418,AMZN
2015-04-17,382.63,383.56,374.4,375.56,3839664,AMZN
2015-04-20,378.55,391.94,377.0,389.51,5016148,AMZN
2015-04-21,391.31,394.6,386.8,391.18,4643524,AMZN
2015-04-22,391.91,394.28,388.0,389.8,3474724,AMZN
2015-04-23,390.21,391.88,386.15,389.99,7979985,AMZN
2015-04-24,439.0,452.65,439.0,445.1,17176904,AMZN
2015-04-27,443.86,446.99,437.41,438.56,5430949,AMZN
2015-04-28,438.51,439.0,428.04,429.31,4140483,AMZN
2015-04-29,426.75,434.24,426.03,429.37,3621688,AMZN
2015-04-30,427.11,431.75,419.24,421.78,3647877,AMZN
2015-05-01,423.82,425.64,416.0,422.87,3565824,AMZN
2015-05-04,424.8,429.77,422.42,423.04,2270448,AMZN
2015-05-05,422.85,427.51,421.02,421.19,2856386,AMZN
2015-05-06,421.43,422.7165,414.55,419.1,2552474,AMZN
2015-05-07,424.15,428.5,422.85,426.88,2766132,AMZN
2015-05-08,430.75,435.2,430.174,433.69,2908838,AMZN
2015-05-11,432.51,439.0,431.37,432.85,2393737,AMZN
2015-05-12,431.08,433.25,426.71,431.02,1947822,AMZN
2015-05-13,429.98,433.528,425.8,426.87,1996328,AMZN
2015-05-14,429.45,433.0,427.01,432.28,1888477,AMZN
2015-05-15,428.0,430.3962,424.3,426.0,4240306,AMZN
2015-05-18,426.0,427.27,421.46,425.24,2390229,AMZN
2015-05-19,424.87,428.24,420.63,421.71,2465240,AMZN
2015-05-20,420.6,427.1,418.36,423.86,2196159,AMZN
2015-05-21,428.0,436.9,428.0,431.63,4121401,AMZN
2015-05-22,431.55,432.44,427.61,427.63,2020629,AMZN
2015-05-26,426.2,427.0,422.0,425.47,2244185,AMZN
2015-05-27,427.45,431.85,425.01,431.42,2231088,AMZN
2015-05-28,429.71,431.35,425.47,426.57,1912436,AMZN
2015-05-29,427.23,432.5,427.23,429.23,3016060,AMZN
2015-06-01,430.4,433.16,426.2,430.92,2253264,AMZN
2015-06-02,430.07,433.23,426.25,430.99,1669845,AMZN
2015-06-03,434.4,438.39,432.75,436.59,2727914,AMZN
2015-06-04,434.4,436.755,429.26,430.78,2510761,AMZN
2015-06-05,429.66,430.8,426.5,426.95,1907855,AMZN
2015-06-08,425.62,426.8,421.425,423.5,2172525,AMZN
2015-06-09,422.96,427.49,419.14,425.48,2288663,AMZN
2015-06-10,426.46,432.2,425.66,430.77,2172333,AMZN
2015-06-11,432.29,438.89,431.47,432.97,2922459,AMZN
2015-06-12,431.25,432.36,428.26,429.92,2054385,AMZN
2015-06-15,427.66,428.05,422.64,423.67,2050987,AMZN
2015-06-16,424.15,427.97,422.67,427.26,2297469,AMZN
2015-06-17,428.36,431.35,424.753,427.81,2185869,AMZN
2015-06-18,430.3,439.73,429.405,439.39,3378360,AMZN
2015-06-19,440.26,444.99,433.24,434.92,4495087,AMZN
2015-06-22,437.0,439.24,434.18,436.29,1823572,AMZN
2015-06-23,435.59,447.04,433.69,445.99,3245049,AMZN
2015-06-24,444.97,446.47,440.23,440.84,2620827,AMZN
2015-06-25,438.07,443.47,436.39,440.1,2237458,AMZN
2015-06-26,441.76,443.49,435.06,438.1,2624479,AMZN
2015-06-29,434.98,437.0,429.0,429.86,2753193,AMZN
2015-06-30,434.2,435.57,430.46,434.09,2596873,AMZN
2015-07-01,439.35,440.0,435.58,437.39,1987076,AMZN
2015-07-02,437.0,438.2,433.48,437.71,1343397,AMZN
2015-07-06,435.23,439.73,433.52,436.04,1903161,AMZN
2015-07-07,435.68,437.73,425.57,436.72,3454248,AMZN
2015-07-08,434.35,435.99,428.83,429.7,2383130,AMZN
2015-07-09,434.9,438.72,434.15,434.39,2271395,AMZN
2015-07-10,440.49,444.72,439.0,443.51,2400981,AMZN
2015-07-13,448.29,457.87,447.54,455.57,3956802,AMZN
2015-07-14,462.32,469.6,458.16,465.57,4736215,AMZN
2015-07-15,463.04,464.7,460.2,461.19,2987399,AMZN
2015-07-16,465.5,475.88,464.8,475.48,4095581,AMZN
2015-07-17,477.7,485.42,477.25,483.01,4932176,AMZN
2015-07-20,492.57,493.2,485.4,488.1,4752491,AMZN
2015-07-21,487.9,488.88,482.55,488.0,3181831,AMZN
2015-07-22,485.99,492.5,484.9,488.27,3114898,AMZN
2015-07-23,491.66,491.66,475.7,482.18,9374431,AMZN
2015-07-24,578.99,580.57,529.35,529.42,21909381,AMZN
2015-07-27,527.75,544.95,526.6,531.41,7490960,AMZN
2015-07-28,536.0,536.39,523.12,526.03,5273092,AMZN
2015-07-29,530.92,532.9655,525.02,529.0,3752634,AMZN
2015-07-30,527.65,539.2,524.29,536.76,3743065,AMZN
2015-07-31,539.09,542.84,534.5201,536.15,3025598,AMZN
2015-08-03,537.45,540.44,529.36,535.03,3014236,AMZN
2015-08-04,529.69,536.95,529.163,531.9,2934590,AMZN
2015-08-05,538.8,539.14,534.119,537.01,2889350,AMZN
2015-08-06,539.3,542.74,527.52,529.46,3820453,AMZN
2015-08-07,529.16,529.4599,518.21,522.62,3969215,AMZN
2015-08-10,528.52,532.2764,523.0,524.0,2615926,AMZN
2015-08-11,523.65,528.98,522.0,527.46,2676600,AMZN
2015-08-12,523.75,527.5,513.06,525.91,4014684,AMZN
2015-08-13,527.37,534.66,525.4846,529.66,2895238,AMZN
2015-08-14,528.25,534.11,528.25,531.52,1994799,AMZN
2015-08-17,531.29,538.74,527.12,535.22,2581680,AMZN
2015-08-18,535.04,539.49,533.0,535.02,2071342,AMZN
2015-08-19,533.74,537.25,529.0,532.92,2324040,AMZN
2015-08-20,530.39,533.25,515.77,515.78,4407990,AMZN
2015-08-21,507.36,512.33,494.47,494.47,6706466,AMZN
2015-08-24,463.58,489.76,451.0,463.37,10097601,AMZN
2015-08-25,487.49,489.44,466.25,466.37,5679329,AMZN
2015-08-26,484.02,503.72,478.76,500.77,6358639,AMZN
2015-08-27,514.03,522.69,507.261,518.37,6114506,AMZN
2015-08-28,517.5,521.5,513.04,518.01,2746708,AMZN
2015-08-31,516.44,519.41,509.07,512.89,3002293,AMZN
2015-09-01,499.14,510.0,493.43,496.54,3864514,AMZN
2015-09-02,505.09,510.86,497.72,510.55,3707116,AMZN
2015-09-03,514.5,515.84,502.57,504.72,3149694,AMZN
2015-09-04,497.65,502.85,495.64,499.0,2692510,AMZN
2015-09-08,508.69,518.35,508.5144,517.54,3810653,AMZN
2015-09-09,524.0,529.95,515.06,516.89,4370657,AMZN
2015-09-10,515.15,526.13,514.78,522.24,2575982,AMZN
2015-09-11,521.07,529.44,520.605,529.44,3227862,AMZN
2015-09-14,529.44,532.45,518.58,521.38,3130241,AMZN
2015-09-15,523.25,527.92,517.2,522.37,2865933,AMZN
2015-09-16,521.98,528.3,518.52,527.39,2252790,AMZN
2015-09-17,526.98,546.97,526.57,538.87,4169484,AMZN
2015-09-18,534.62,546.237,531.35,540.26,6160075,AMZN
2015-09-21,544.33,549.78,539.59,548.39,3283313,AMZN
2015-09-22,539.71,543.55,532.66,538.4,3841748,AMZN
2015-09-23,538.3,541.21,534.0,536.07,2237571,AMZN
2015-09-24,530.55,534.56,522.87,533.75,3500964,AMZN
2015-09-25,542.57,542.8,521.4,524.25,4030998,AMZN
2015-09-28,520.02,520.28,494.3337,504.06,5434532,AMZN
2015-09-29,506.0,511.48,490.5,496.07,4457532,AMZN
2015-09-30,505.44,512.8,501.6724,511.89,4004681,AMZN
2015-10-01,511.0,520.8,506.0,520.72,3768483,AMZN
2015-10-02,512.99,532.6,508.1,532.54,4597795,AMZN
2015-10-05,536.99,545.91,536.0,543.68,3391359,AMZN
2015-10-06,545.5,551.5,533.33,537.48,4547519,AMZN
2015-10-07,541.79,542.0,529.0,541.94,3812087,AMZN
2015-10-08,536.71,539.386,519.89,533.16,4676440,AMZN
2015-10-09,534.48,541.79,530.27,539.8,3537364,AMZN
2015-10-12,539.96,550.82,539.8,550.19,2776103,AMZN
2015-10-13,546.26,553.2,543.1,548.9,2938044,AMZN
2015-10-14,551.34,552.25,539.68,544.83,3582060,AMZN
2015-10-15,547.75,563.0,547.0,562.44,4937034,AMZN
2015-10-16,565.27,570.94,560.31,570.76,4315792,AMZN
2015-10-19,570.76,579.0,567.38,573.15,4375420,AMZN
2015-10-20,572.0,573.0,555.28,560.88,4346209,AMZN
2015-10-21,563.87,565.25,552.52,555.77,3361655,AMZN
2015-10-22,562.7,569.146,556.67,563.91,7779372,AMZN
2015-10-23,617.68,619.45,595.36,599.03,10692667,AMZN
2015-10-26,602.3,609.85,596.29,608.61,4269715,AMZN
2015-10-27,608.6,614.71,605.53,611.01,3787136,AMZN
2015-10-28,612.3,617.23,609.5,617.1,3926200,AMZN
2015-10-29,617.7,627.54,615.39,626.55,3896026,AMZN
2015-10-30,626.01,630.72,625.28,625.9,3874363,AMZN
2015-11-02,627.13,628.63,620.41,628.35,2816479,AMZN
2015-11-03,629.53,629.89,622.0,625.31,3246910,AMZN
2015-11-04,627.76,645.93,627.35,640.95,4840501,AMZN
2015-11-05,647.1,657.0,643.0901,655.65,4723825,AMZN
2015-11-06,655.0,662.26,652.0,659.37,4092165,AMZN
2015-11-09,658.65,661.955,647.8477,655.49,4048823,AMZN
2015-11-10,651.01,660.0,647.262,659.68,3489483,AMZN
2015-11-11,663.25,675.96,663.25,673.25,5387309,AMZN
2015-11-12,673.0,675.64,664.22,665.6,4284678,AMZN
2015-11-13,663.57,667.0,640.45,642.35,6261076,AMZN
2015-11-16,640.92,649.99,622.29,647.81,7435934,AMZN
2015-11-17,650.65,653.25,641.0,643.3,4320177,AMZN
2015-11-18,646.51,664.88,646.37,663.54,4469769,AMZN
2015-11-19,664.99,672.86,659.0,661.27,4705237,AMZN
2015-11-20,667.94,668.87,657.57,668.45,3896135,AMZN
2015-11-23,671.5,682.77,668.45,678.99,4385057,AMZN
2015-11-24,674.14,675.8,661.2125,671.15,4543417,AMZN
2015-11-25,675.0,679.7,671.24,675.34,2697889,AMZN
2015-11-27,680.8,680.99,672.1,673.26,1966801,AMZN
2015-11-30,675.9,681.29,664.6,664.8,5693172,AMZN
2015-12-01,673.75,681.0,667.86,679.06,4751152,AMZN
2015-12-02,681.0,684.82,674.25,676.01,4273526,AMZN
2015-12-03,679.44,682.79,661.48,666.25,5064736,AMZN
2015-12-04,666.0,674.775,661.4,672.64,4534796,AMZN
2015-12-07,674.74,675.46,660.5,669.83,3732814,AMZN
2015-12-08,663.13,679.99,659.79,677.33,3651908,AMZN
2015-12-09,678.0,679.0,655.68,664.79,5158172,AMZN
2015-12-10,665.59,668.526,659.56,662.32,3455472,AMZN
2015-12-11,651.23,657.88,639.62,640.15,5474420,AMZN
2015-12-14,641.75,658.585,635.27,657.91,4361273,AMZN
2015-12-15,665.03,671.5,657.35,658.64,4753415,AMZN
2015-12-16,663.56,677.35,659.32,675.77,3964470,AMZN
2015-12-17,680.0,682.5,670.65,670.65,3681645,AMZN
2015-12-18,668.65,676.84,664.13,664.14,6841304,AMZN
2015-12-21,668.5,669.9,658.93,664.51,3250900,AMZN
2015-12-22,666.83,668.49,659.26,663.15,2667795,AMZN
2015-12-23,666.5,666.597,656.63,663.7,2722922,AMZN
2015-12-24,663.35,664.68,660.6,662.79,1092970,AMZN
2015-12-28,665.56,675.5,665.5,675.2,3783555,AMZN
2015-12-29,677.98,696.44,677.8893,693.97,5734996,AMZN
2015-12-30,691.89,695.49,686.375,689.07,3519003,AMZN
2015-12-31,686.08,687.75,675.89,675.89,3749560,AMZN
2016-01-04,656.29,657.715,627.51,636.99,9314519,AMZN
2016-01-05,646.86,646.91,627.65,633.79,5822603,AMZN
2016-01-06,622.0,639.79,620.31,632.65,5329197,AMZN
2016-01-07,621.8,630.0,605.21,607.94,7074915,AMZN
2016-01-08,619.66,624.14,606.0,607.05,5512915,AMZN
2016-01-11,612.48,619.85,598.57,617.74,4891551,AMZN
2016-01-12,625.25,625.99,612.2415,617.89,4724100,AMZN
2016-01-13,620.88,620.88,579.16,581.81,7655239,AMZN
2016-01-14,580.25,602.25,569.88,593.0,7237978,AMZN
2016-01-15,572.24,584.62,565.3,570.18,7784523,AMZN
2016-01-19,577.09,584.0,566.45,574.48,4807165,AMZN
2016-01-20,564.36,578.45,547.18,571.77,7966406,AMZN
2016-01-21,573.58,588.81,568.22,575.02,4952217,AMZN
2016-01-22,588.73,600.1,584.1079,596.38,5120144,AMZN
2016-01-25,597.99,608.5,594.56,596.53,4396079,AMZN
2016-01-26,603.45,604.5,590.38,601.25,3765655,AMZN
2016-01-27,601.99,603.39,578.78,583.35,5152853,AMZN
2016-01-28,608.37,638.06,597.55,635.35,14015171,AMZN
2016-01-29,571.98,593.0,570.0,587.0,14677550,AMZN
2016-02-01,578.15,581.8,570.31,574.81,6355123,AMZN
2016-02-02,570.0,571.56,550.09,552.1,6312045,AMZN
2016-02-03,553.5,556.0,521.9,531.07,10048709,AMZN
2016-02-04,525.0,538.99,519.2201,536.26,6199070,AMZN
2016-02-05,529.28,529.45,499.19,502.13,9708929,AMZN
2016-02-08,486.47,493.5,475.21,488.1,9825509,AMZN
2016-02-09,478.01,498.38,474.0,482.07,7077915,AMZN
2016-02-10,491.76,504.66,486.0,490.48,6786181,AMZN
2016-02-11,491.17,509.3,484.0,503.82,7397393,AMZN
2016-02-12,510.7,516.75,501.4932,507.08,5384787,AMZN
2016-02-16,519.48,524.45,511.66,521.1,5118500,AMZN
2016-02-17,528.74,537.48,519.39,534.1,4824002,AMZN
2016-02-18,541.19,541.2,523.73,525.0,4735008,AMZN
2016-02-19,520.71,535.95,515.35,534.9,4974717,AMZN
2016-02-22,542.2,560.65,541.08,559.5,5566553,AMZN
2016-02-23,555.55,556.91,545.33,552.94,4050790,AMZN
2016-02-24,545.75,554.27,533.1501,554.04,6231668,AMZN
2016-02-25,555.52,559.39,545.2946,555.15,4525463,AMZN
2016-02-26,560.12,562.5,553.17,555.23,4877039,AMZN
2016-02-29,554.0,564.81,552.51,552.52,4145396,AMZN
2016-03-01,556.29,579.25,556.0,579.04,5038452,AMZN
2016-03-02,581.75,585.0,573.7,580.21,4582170,AMZN
2016-03-03,577.96,579.866,573.11,577.49,2741292,AMZN
2016-03-04,581.07,581.4,571.065,575.14,3416545,AMZN
2016-03-07,573.54,573.63,555.55,562.8,4932527,AMZN
2016-03-08,557.87,571.35,554.74,560.26,4729952,AMZN
2016-03-09,559.56,560.35,550.125,559.47,4377283,AMZN
2016-03-10,566.74,567.0,547.9,558.93,3919892,AMZN
2016-03-11,566.95,570.06,562.73,569.61,3771310,AMZN
2016-03-14,567.0,576.89,563.05,573.37,3454152,AMZN
2016-03-15,571.0,581.52,567.0,577.02,3876821,AMZN
2016-03-16,576.64,581.32,571.14,574.27,3537669,AMZN
2016-03-17,569.51,571.4,555.01,559.44,5928105,AMZN
2016-03-18,560.94,562.33,546.09,552.08,7296885,AMZN
2016-03-21,548.91,555.24,538.58,553.98,5155732,AMZN
2016-03-22,545.11,562.76,545.05,560.48,4000564,AMZN
2016-03-23,561.0,572.48,558.1,569.63,3983720,AMZN
2016-03-24,567.11,583.55,567.08,582.95,5185539,AMZN
2016-03-28,584.4,584.75,575.56,579.87,3121522,AMZN
2016-03-29,580.15,595.85,576.5,593.86,4392567,AMZN
2016-03-30,596.71,603.24,595.0,598.69,3890461,AMZN
2016-03-31,599.28,600.75,592.21,593.64,2681811,AMZN
2016-04-01,590.49,599.03,588.3,598.5,2917386,AMZN
2016-04-04,599.0,599.5,590.55,593.19,2470825,AMZN
2016-04-05,590.77,593.47,585.25,586.14,2308884,AMZN
2016-04-06,587.52,602.39,587.5,602.08,2849909,AMZN
2016-04-07,598.76,599.6,589.08,591.43,3189037,AMZN
2016-04-08,594.32,597.86,589.0,594.6,2591936,AMZN
2016-04-11,596.14,604.0,594.91,595.93,2704267,AMZN
2016-04-12,598.4,604.06,592.31,603.17,2641062,AMZN
2016-04-13,607.68,616.81,605.29,614.82,4228349,AMZN
